-- GymCompany.Ginasio
INSERT INTO GymCompany.Ginasio VALUES (124991734, 229866778, 'Rua das Laranjas', 'João Pereira');
INSERT INTO GymCompany.Ginasio VALUES (143328530, 226542334, 'Rua da Frente', 'Joana Neves');
INSERT INTO GymCompany.Ginasio VALUES (174753276, 234325549, 'Rua do Vale', 'Paulo Ferreira');


-- GymCompany.Pessoa
INSERT INTO GymCompany.Pessoa VALUES (234552422, 'João Pereira', 915342773, 'Rua das Árvores', 'joaopereira@gmail.com');
INSERT INTO GymCompany.Pessoa VALUES (263221323, 'Joana Neves', 932423448, 'Rua António Teixeira', 'joananeves3@gmail.com');
INSERT INTO GymCompany.Pessoa VALUES (212314321, 'Paulo Ferreira', 932423448, 'Rua João Silveira', 'pauloferreira92@gmail.com');
INSERT INTO GymCompany.Pessoa VALUES (278594243, 'João Teixeira', 913123213, 'Rua da Estação', 'joaomteixeira@gmail.com');
INSERT INTO GymCompany.Pessoa VALUES (254324233, 'Maria Silva', 933213121, 'Rua dos Eucaliptos', 'mariasilva73@gmail.com');
INSERT INTO GymCompany.Pessoa VALUES (203213216, 'Carlos Vieira', 930312132, 'Rua Mário Teixeira', 'carlosvieira@gmail.com');
INSERT INTO GymCompany.Pessoa VALUES (236295211, 'Vera Teixeira', 964324322, 'Rua do Rio', 'verateixeira2@gmail.com');
INSERT INTO GymCompany.Pessoa VALUES (298832733, 'Carlos Pinto', 932119877, 'Rua Silva Costa', 'carlospinto@gmail.com');
INSERT INTO GymCompany.Pessoa VALUES (213654789, 'Luís Figo', 912298488, 'Rua Moreira Pinto', 'luisfigo04@gmail.com');
INSERT INTO GymCompany.Pessoa VALUES (198232541, 'Joana Teixeira', 914322132, 'Rua Manuel Vicente', 'joanateixeira84@gmail.com');
INSERT INTO GymCompany.Pessoa VALUES (278957867, 'Ricardo Silva', 919853734, 'Rua dos Pinheiros', 'ricardosilva@gmail.com');
INSERT INTO GymCompany.Pessoa VALUES (282198366, 'Bruno Oliveira', 932423448, 'Rua do Lago', 'brunooliveira97@hotmail.com');
INSERT INTO GymCompany.Pessoa VALUES (232433429, 'Bruno Costa', 964318156, 'Rua das Silvas', 'brunocosta21@hotmail.com');
INSERT INTO GymCompany.Pessoa VALUES (275423211, 'Inês Carvalho', 914320903, 'Rua da Rotunda', 'inescarvalho86@hotmail.com');
INSERT INTO GymCompany.Pessoa VALUES (255243211, 'António Costa', 960874012, 'Rua José Oliveira', 'antoniocosta65@hotmail.com');
INSERT INTO GymCompany.Pessoa VALUES (293217813, 'António Vitorino', 912021302, 'Rua 5 de Maio', 'antoniovitorino@gmail.com');
INSERT INTO GymCompany.Pessoa VALUES (204329103, 'Cátia Ferreira', 923219093, 'Rua Olival', 'catiaferreira@hotmail.com');
INSERT INTO GymCompany.Pessoa VALUES (254521209, 'Marco Silva', 931029033, 'Rua dos Castanheiros', 'marcosilva@hotmail.com');
INSERT INTO GymCompany.Pessoa VALUES (194321210, 'Sérgio Oliveira', 961120098, 'Rua dos Limões', 'sergiooliveira@hotmail.com');
INSERT INTO GymCompany.Pessoa VALUES (240123190, 'Francisco Oliveira', 910795120, 'Rua Manuel Silva', 'franciscooliveira@gmail.com');
INSERT INTO GymCompany.Pessoa VALUES (250219321, 'João Silva', 931320981, 'Rua António Duarte', 'joaosilva95@hotmail.com');
INSERT INTO GymCompany.Pessoa VALUES (209321812, 'Madalena Pinto', 913129800, 'Rua de Trás', 'madalenapinto@hotmail.com');
INSERT INTO GymCompany.Pessoa VALUES (254301721, 'José Couto', 930095643, 'Rua das Conchas', 'josecouto123@hotmail.com');
INSERT INTO GymCompany.Pessoa VALUES (201923193, 'Mariana Silva', 922131209, 'Rua das Pedrinhas Brancas', 'marianasilva432@hotmail.com');
INSERT INTO GymCompany.Pessoa VALUES (231203219, 'Ana Ferreira', 931019009, 'Rua Avenida José Fonte', 'anaferreira@hotmail.com');
INSERT INTO GymCompany.Pessoa VALUES (203218321, 'Soraia Duarte', 968006002, 'Rua da Circunvalação', 'soraiaduarte@gmail.com');
INSERT INTO GymCompany.Pessoa VALUES (285437810, 'Manuel Pereira', 912445443, 'Rua do Fim', 'manuelpereira@hotmail.com');


-- GymCompany.Funcionario
INSERT INTO GymCompany.Funcionario VALUES (234552422, 14, 'Gestor', 1374);
INSERT INTO GymCompany.Funcionario VALUES (263221323, 21, 'Gestor', 1374);
INSERT INTO GymCompany.Funcionario VALUES (212314321, 65, 'Gestor', 1374);
INSERT INTO GymCompany.Funcionario VALUES (278594243, 364, 'Secretaria', 954);
INSERT INTO GymCompany.Funcionario VALUES (254324233, 353, 'Secretaria', 954);
INSERT INTO GymCompany.Funcionario VALUES (203213216, 455, 'Secretaria', 954);
INSERT INTO GymCompany.Funcionario VALUES (236295211, 298, 'Personal Trainer', 1137);
INSERT INTO GymCompany.Funcionario VALUES (298832733, 276, 'Personal Trainer', 1137);
INSERT INTO GymCompany.Funcionario VALUES (213654789, 133, 'Personal Trainer', 1137);
INSERT INTO GymCompany.Funcionario VALUES (198232541, 165, 'Personal Trainer', 1137);
INSERT INTO GymCompany.Funcionario VALUES (278957867, 111, 'Personal Trainer', 1137);
INSERT INTO GymCompany.Funcionario VALUES (282198366, 154, 'Personal Trainer', 1137);
INSERT INTO GymCompany.Funcionario VALUES (232433429, 543, 'Limpeza', 892);
INSERT INTO GymCompany.Funcionario VALUES (275423211, 321, 'Limpeza', 892);
INSERT INTO GymCompany.Funcionario VALUES (255243211, 643, 'Limpeza', 892);


-- GymCompany.Cliente
INSERT INTO GymCompany.Cliente VALUES (293217813, 2542, 'Anual');
INSERT INTO GymCompany.Cliente VALUES (204329103, 3211, 'Anual');
INSERT INTO GymCompany.Cliente VALUES (254521209, 2012, 'Mensal');
INSERT INTO GymCompany.Cliente VALUES (194321210, 4321, 'Anual');
INSERT INTO GymCompany.Cliente VALUES (285437810, 2090, 'Mensal');
INSERT INTO GymCompany.Cliente VALUES (240123190, 1989, 'Mensal');
INSERT INTO GymCompany.Cliente VALUES (250219321, 2032, 'Mensal');
INSERT INTO GymCompany.Cliente VALUES (209321812, 4001, 'Anual');
INSERT INTO GymCompany.Cliente VALUES (254301721, 3029, 'Mensal');
INSERT INTO GymCompany.Cliente VALUES (201923193, 1541, 'Mensal');
INSERT INTO GymCompany.Cliente VALUES (231203219, 1900, 'Anual');
INSERT INTO GymCompany.Cliente VALUES (203218321, 2749, 'Anual');


-- GymCompany.Tem_Funcionarios
INSERT INTO GymCompany.Tem_Funcionarios VALUES (124991734, 14);
INSERT INTO GymCompany.Tem_Funcionarios VALUES (124991734, 364);
INSERT INTO GymCompany.Tem_Funcionarios VALUES (124991734, 298);
INSERT INTO GymCompany.Tem_Funcionarios VALUES (124991734, 276);
INSERT INTO GymCompany.Tem_Funcionarios VALUES (124991734, 543);
INSERT INTO GymCompany.Tem_Funcionarios VALUES (143328530, 21);
INSERT INTO GymCompany.Tem_Funcionarios VALUES (143328530, 353);
INSERT INTO GymCompany.Tem_Funcionarios VALUES (143328530, 133);
INSERT INTO GymCompany.Tem_Funcionarios VALUES (143328530, 165);
INSERT INTO GymCompany.Tem_Funcionarios VALUES (143328530, 321);
INSERT INTO GymCompany.Tem_Funcionarios VALUES (174753276, 65);
INSERT INTO GymCompany.Tem_Funcionarios VALUES (174753276, 455);
INSERT INTO GymCompany.Tem_Funcionarios VALUES (174753276, 111);
INSERT INTO GymCompany.Tem_Funcionarios VALUES (174753276, 154);
INSERT INTO GymCompany.Tem_Funcionarios VALUES (174753276, 643);


-- GymCompany.Tem_Clientes
INSERT INTO GymCompany.Tem_Clientes VALUES (124991734, 2542);
INSERT INTO GymCompany.Tem_Clientes VALUES (124991734, 3211);
INSERT INTO GymCompany.Tem_Clientes VALUES (124991734, 2012);
INSERT INTO GymCompany.Tem_Clientes VALUES (124991734, 4321);
INSERT INTO GymCompany.Tem_Clientes VALUES (143328530, 2090);
INSERT INTO GymCompany.Tem_Clientes VALUES (143328530, 1989);
INSERT INTO GymCompany.Tem_Clientes VALUES (143328530, 2032);
INSERT INTO GymCompany.Tem_Clientes VALUES (143328530, 4001);
INSERT INTO GymCompany.Tem_Clientes VALUES (174753276, 3029);
INSERT INTO GymCompany.Tem_Clientes VALUES (174753276, 1541);
INSERT INTO GymCompany.Tem_Clientes VALUES (174753276, 1900);
INSERT INTO GymCompany.Tem_Clientes VALUES (174753276, 2749);


-- GymCompany.Professor
INSERT INTO GymCompany.Professor VALUES (298);
INSERT INTO GymCompany.Professor VALUES (276);
INSERT INTO GymCompany.Professor VALUES (133);
INSERT INTO GymCompany.Professor VALUES (165);
INSERT INTO GymCompany.Professor VALUES (111);
INSERT INTO GymCompany.Professor VALUES (154);


-- GymCompany.Aluno
INSERT INTO GymCompany.Aluno VALUES (2542);
INSERT INTO GymCompany.Aluno VALUES (3211);
INSERT INTO GymCompany.Aluno VALUES (2090);
INSERT INTO GymCompany.Aluno VALUES (1989);
INSERT INTO GymCompany.Aluno VALUES (2032);
INSERT INTO GymCompany.Aluno VALUES (3029);
INSERT INTO GymCompany.Aluno VALUES (1541);
INSERT INTO GymCompany.Aluno VALUES (1900);
INSERT INTO GymCompany.Aluno VALUES (2749);


-- GymCompany.Aula
INSERT INTO GymCompany.Aula VALUES ('SPN-SEG', 'Spinning', '11:00', 'Segunda', 12);
INSERT INTO GymCompany.Aula VALUES ('SPN-QUI', 'Spinning', '10:30', 'Quinta', 12);
INSERT INTO GymCompany.Aula VALUES ('SPN-SAB', 'Spinning', '10:00', 'Sábado', 12);
INSERT INTO GymCompany.Aula VALUES ('BOX-TER', 'Boxing', '19:00', 'Terça', 8);
INSERT INTO GymCompany.Aula VALUES ('BOX-SEX', 'Boxing', '15:30', 'Sexta', 8);
INSERT INTO GymCompany.Aula VALUES ('PIL-SEG', 'Pilates', '17:30', 'Segunda', 16);
INSERT INTO GymCompany.Aula VALUES ('PIL-QUA', 'Pilates', '10:00', 'Quarta', 16);
INSERT INTO GymCompany.Aula VALUES ('PIL-DOM', 'Pilates', '10:30', 'Domingo', 16);
INSERT INTO GymCompany.Aula VALUES ('SDF-SAB', 'Self-Defense', '15:00', 'Sábado', 12);
INSERT INTO GymCompany.Aula VALUES ('SDF-QUI', 'Self-Defense', '18:30', 'Quinta', 12);


-- GymCompany.Inscrito
INSERT INTO GymCompany.Inscrito VALUES (2542, 'SDF-SAB');
INSERT INTO GymCompany.Inscrito VALUES (2542, 'SDF-QUI');
INSERT INTO GymCompany.Inscrito VALUES (2542, 'BOX-TER');
INSERT INTO GymCompany.Inscrito VALUES (2542, 'BOX-SEX');
INSERT INTO GymCompany.Inscrito VALUES (3211, 'BOX-TER');
INSERT INTO GymCompany.Inscrito VALUES (3211, 'BOX-SEX');
INSERT INTO GymCompany.Inscrito VALUES (2090, 'SPN-QUI');
INSERT INTO GymCompany.Inscrito VALUES (2090, 'SPN-SAB');
INSERT INTO GymCompany.Inscrito VALUES (1989, 'SPN-QUI');
INSERT INTO GymCompany.Inscrito VALUES (1989, 'SPN-SAB');
INSERT INTO GymCompany.Inscrito VALUES (2542, 'PIL-SEG');
INSERT INTO GymCompany.Inscrito VALUES (2542, 'PIL-QUA');
INSERT INTO GymCompany.Inscrito VALUES (2032, 'SPN-QUI');
INSERT INTO GymCompany.Inscrito VALUES (2032, 'SPN-SAB');
INSERT INTO GymCompany.Inscrito VALUES (2032, 'PIL-SEG');
INSERT INTO GymCompany.Inscrito VALUES (2032, 'PIL-QUA');
INSERT INTO GymCompany.Inscrito VALUES (3029, 'PIL-SEG');
INSERT INTO GymCompany.Inscrito VALUES (3029, 'PIL-QUA');
INSERT INTO GymCompany.Inscrito VALUES (3029, 'SPN-QUI');
INSERT INTO GymCompany.Inscrito VALUES (3029, 'SPN-SAB');
INSERT INTO GymCompany.Inscrito VALUES (1541, 'SPN-QUI');
INSERT INTO GymCompany.Inscrito VALUES (1541, 'SPN-SAB');
INSERT INTO GymCompany.Inscrito VALUES (1541, 'PIL-QUA');
INSERT INTO GymCompany.Inscrito VALUES (1541, 'BOX-SEX');
INSERT INTO GymCompany.Inscrito VALUES (1900, 'SPN-QUI');
INSERT INTO GymCompany.Inscrito VALUES (1900, 'SPN-SAB');
INSERT INTO GymCompany.Inscrito VALUES (2749, 'PIL-QUA');
INSERT INTO GymCompany.Inscrito VALUES (2749, 'SDF-SAB');
INSERT INTO GymCompany.Inscrito VALUES (2749, 'SDF-QUI');


-- GymCompany.Leciona
INSERT INTO GymCompany.Leciona VALUES (298, 'SPN-SEG');
INSERT INTO GymCompany.Leciona VALUES (298, 'SPN-QUI');
INSERT INTO GymCompany.Leciona VALUES (298, 'PIL-QUA');
INSERT INTO GymCompany.Leciona VALUES (298, 'PIL-SEG');
INSERT INTO GymCompany.Leciona VALUES (276, 'BOX-SEX');
INSERT INTO GymCompany.Leciona VALUES (276, 'BOX-TER');
INSERT INTO GymCompany.Leciona VALUES (276, 'SDF-SAB');
INSERT INTO GymCompany.Leciona VALUES (276, 'SDF-QUI');
INSERT INTO GymCompany.Leciona VALUES (133, 'SPN-SEG');
INSERT INTO GymCompany.Leciona VALUES (133, 'SPN-QUI');
INSERT INTO GymCompany.Leciona VALUES (133, 'PIL-QUA');
INSERT INTO GymCompany.Leciona VALUES (133, 'PIL-SEG');
INSERT INTO GymCompany.Leciona VALUES (165, 'BOX-SEX');
INSERT INTO GymCompany.Leciona VALUES (165, 'BOX-TER');
INSERT INTO GymCompany.Leciona VALUES (165, 'SDF-SAB');
INSERT INTO GymCompany.Leciona VALUES (165, 'SDF-QUI');
INSERT INTO GymCompany.Leciona VALUES (111, 'SPN-SEG');
INSERT INTO GymCompany.Leciona VALUES (111, 'SPN-QUI');
INSERT INTO GymCompany.Leciona VALUES (111, 'PIL-QUA');
INSERT INTO GymCompany.Leciona VALUES (111, 'PIL-SEG');
INSERT INTO GymCompany.Leciona VALUES (154, 'BOX-SEX');
INSERT INTO GymCompany.Leciona VALUES (154, 'BOX-TER');
INSERT INTO GymCompany.Leciona VALUES (154, 'SDF-SAB');
INSERT INTO GymCompany.Leciona VALUES (154, 'SDF-QUI');



