-- GymCompany.Ginasio
INSERT INTO GymCompany.Ginasio VALUES (124991734, 229866778, 'Rua das Laranjas', 234552422);
INSERT INTO GymCompany.Ginasio VALUES (143328530, 226542334, 'Rua da Frente', 263221323);
INSERT INTO GymCompany.Ginasio VALUES (174753276, 234325549, 'Rua do Vale', 212314321);


-- GymCompany.Pessoa
INSERT INTO GymCompany.Pessoa VALUES (234552422, 'João Pereira', 915342773, 'Rua das Árvores', 'joaopereira@gmail.com');
INSERT INTO GymCompany.Pessoa VALUES (263221323, 'Joana Neves', 932423448, 'Rua António Teixeira', 'joananeves3@gmail.com');
INSERT INTO GymCompany.Pessoa VALUES (212314321, 'Paulo Ferreira', 932423448, 'Rua João Silveira', 'pauloferreira92@gmail.com');
INSERT INTO GymCompany.Pessoa VALUES (278594243, 'João Teixeira', 913123213, 'Rua da Estação', 'joaomteixeira@gmail.com');
INSERT INTO GymCompany.Pessoa VALUES (254324233, 'Maria Silva', 933213121, 'Rua dos Eucaliptos', 'mariasilva73@gmail.com');
INSERT INTO GymCompany.Pessoa VALUES (203213216, 'Carlos Vieira', 930312132, 'Rua Mário Teixeira', 'carlosvieira@gmail.com');
INSERT INTO GymCompany.Pessoa VALUES (236295211, 'Vera Teixeira', 964324322, 'Rua do Rio', 'verateixeira2@gmail.com');
INSERT INTO GymCompany.Pessoa VALUES (298832733, 'Carlos Pinto', 932119877, 'Rua Silva Costa', 'carlospinto@gmail.com');
INSERT INTO GymCompany.Pessoa VALUES (213654789, 'Luís Figo', 912298488, 'Rua Moreira Pinto', 'luisfigo04@gmail.com');
INSERT INTO GymCompany.Pessoa VALUES (198232541, 'Joana Teixeira', 914322132, 'Rua Manuel Vicente', 'joanateixeira84@gmail.com');
INSERT INTO GymCompany.Pessoa VALUES (278957867, 'Ricardo Silva', 919853734, 'Rua dos Pinheiros', 'ricardosilva@gmail.com');
INSERT INTO GymCompany.Pessoa VALUES (282198366, 'Bruno Oliveira', 932423448, 'Rua do Lago', 'brunooliveira97@hotmail.com');
INSERT INTO GymCompany.Pessoa VALUES (232433429, 'Bruno Costa', 964318156, 'Rua das Silvas', 'brunocosta21@hotmail.com');
INSERT INTO GymCompany.Pessoa VALUES (275423211, 'Inês Carvalho', 914320903, 'Rua da Rotunda', 'inescarvalho86@hotmail.com');
INSERT INTO GymCompany.Pessoa VALUES (255243211, 'António Costa', 960874012, 'Rua José Oliveira', 'antoniocosta65@hotmail.com');
INSERT INTO GymCompany.Pessoa VALUES (293217813, 'António Vitorino', 912021302, 'Rua 5 de Maio', 'antoniovitorino@gmail.com');
INSERT INTO GymCompany.Pessoa VALUES (204329103, 'Cátia Ferreira', 923219093, 'Rua Olival', 'catiaferreira@hotmail.com');
INSERT INTO GymCompany.Pessoa VALUES (254521209, 'Marco Silva', 931029033, 'Rua dos Castanheiros', 'marcosilva@hotmail.com');
INSERT INTO GymCompany.Pessoa VALUES (194321210, 'Sérgio Oliveira', 961120098, 'Rua dos Limões', 'sergiooliveira@hotmail.com');
INSERT INTO GymCompany.Pessoa VALUES (240123190, 'Francisco Oliveira', 910795120, 'Rua Manuel Silva', 'franciscooliveira@gmail.com');
INSERT INTO GymCompany.Pessoa VALUES (250219321, 'João Silva', 931320981, 'Rua António Duarte', 'joaosilva95@hotmail.com');
INSERT INTO GymCompany.Pessoa VALUES (209321812, 'Madalena Pinto', 913129800, 'Rua de Trás', 'madalenapinto@hotmail.com');
INSERT INTO GymCompany.Pessoa VALUES (254301721, 'José Couto', 930095643, 'Rua das Conchas', 'josecouto123@hotmail.com');
INSERT INTO GymCompany.Pessoa VALUES (201923193, 'Mariana Silva', 922131209, 'Rua das Pedrinhas Brancas', 'marianasilva432@hotmail.com');
INSERT INTO GymCompany.Pessoa VALUES (231203219, 'Ana Ferreira', 931019009, 'Rua Avenida José Fonte', 'anaferreira@hotmail.com');
INSERT INTO GymCompany.Pessoa VALUES (203218321, 'Soraia Duarte', 968006002, 'Rua da Circunvalação', 'soraiaduarte@gmail.com');
INSERT INTO GymCompany.Pessoa VALUES (285437810, 'Manuel Pereira', 912445443, 'Rua do Fim', 'manuelpereira@hotmail.com');


-- GymCompany.Funcionario
INSERT INTO GymCompany.Funcionario VALUES (234552422, 14, 'Gestor', 1374);
INSERT INTO GymCompany.Funcionario VALUES (263221323, 21, 'Gestor', 1374);
INSERT INTO GymCompany.Funcionario VALUES (212314321, 65, 'Gestor', 1374);
INSERT INTO GymCompany.Funcionario VALUES (278594243, 364, 'Secretaria', 954);
INSERT INTO GymCompany.Funcionario VALUES (254324233, 353, 'Secretaria', 954);
INSERT INTO GymCompany.Funcionario VALUES (203213216, 455, 'Secretaria', 954);
INSERT INTO GymCompany.Funcionario VALUES (236295211, 298, 'Personal Trainer', 1137);
INSERT INTO GymCompany.Funcionario VALUES (298832733, 276, 'Personal Trainer', 1137);
INSERT INTO GymCompany.Funcionario VALUES (213654789, 133, 'Personal Trainer', 1137);
INSERT INTO GymCompany.Funcionario VALUES (198232541, 165, 'Personal Trainer', 1137);
INSERT INTO GymCompany.Funcionario VALUES (278957867, 111, 'Personal Trainer', 1137);
INSERT INTO GymCompany.Funcionario VALUES (282198366, 154, 'Personal Trainer', 1137);
INSERT INTO GymCompany.Funcionario VALUES (232433429, 543, 'Limpeza', 892);
INSERT INTO GymCompany.Funcionario VALUES (275423211, 321, 'Limpeza', 892);
INSERT INTO GymCompany.Funcionario VALUES (255243211, 643, 'Limpeza', 892);


-- GymCompany.Cliente
INSERT INTO GymCompany.Cliente VALUES (293217813, 2542, 'Anual');
INSERT INTO GymCompany.Cliente VALUES (204329103, 3211, 'Anual');
INSERT INTO GymCompany.Cliente VALUES (254521209, 2012, 'Mensal');
INSERT INTO GymCompany.Cliente VALUES (194321210, 4321, 'Anual');
INSERT INTO GymCompany.Cliente VALUES (285437810, 2090, 'Mensal');
INSERT INTO GymCompany.Cliente VALUES (240123190, 1989, 'Mensal');
INSERT INTO GymCompany.Cliente VALUES (250219321, 2032, 'Mensal');
INSERT INTO GymCompany.Cliente VALUES (209321812, 4001, 'Anual');
INSERT INTO GymCompany.Cliente VALUES (254301721, 3029, 'Mensal');
INSERT INTO GymCompany.Cliente VALUES (201923193, 1541, 'Mensal');
INSERT INTO GymCompany.Cliente VALUES (231203219, 1900, 'Anual');
INSERT INTO GymCompany.Cliente VALUES (203218321, 2749, 'Anual');


-- GymCompany.Tem_Funcionarios
INSERT INTO GymCompany.Tem_Funcionarios VALUES (124991734, 14);
INSERT INTO GymCompany.Tem_Funcionarios VALUES (124991734, 364);
INSERT INTO GymCompany.Tem_Funcionarios VALUES (124991734, 298);
INSERT INTO GymCompany.Tem_Funcionarios VALUES (124991734, 276);
INSERT INTO GymCompany.Tem_Funcionarios VALUES (124991734, 543);
INSERT INTO GymCompany.Tem_Funcionarios VALUES (143328530, 21);
INSERT INTO GymCompany.Tem_Funcionarios VALUES (143328530, 353);
INSERT INTO GymCompany.Tem_Funcionarios VALUES (143328530, 133);
INSERT INTO GymCompany.Tem_Funcionarios VALUES (143328530, 165);
INSERT INTO GymCompany.Tem_Funcionarios VALUES (143328530, 321);
INSERT INTO GymCompany.Tem_Funcionarios VALUES (174753276, 65);
INSERT INTO GymCompany.Tem_Funcionarios VALUES (174753276, 455);
INSERT INTO GymCompany.Tem_Funcionarios VALUES (174753276, 111);
INSERT INTO GymCompany.Tem_Funcionarios VALUES (174753276, 154);
INSERT INTO GymCompany.Tem_Funcionarios VALUES (174753276, 643);


-- GymCompany.Tem_Clientes
INSERT INTO GymCompany.Tem_Clientes VALUES (124991734, 2542);
INSERT INTO GymCompany.Tem_Clientes VALUES (124991734, 3211);
INSERT INTO GymCompany.Tem_Clientes VALUES (124991734, 2012);
INSERT INTO GymCompany.Tem_Clientes VALUES (124991734, 4321);
INSERT INTO GymCompany.Tem_Clientes VALUES (143328530, 2090);
INSERT INTO GymCompany.Tem_Clientes VALUES (143328530, 1989);
INSERT INTO GymCompany.Tem_Clientes VALUES (143328530, 2032);
INSERT INTO GymCompany.Tem_Clientes VALUES (143328530, 4001);
INSERT INTO GymCompany.Tem_Clientes VALUES (174753276, 3029);
INSERT INTO GymCompany.Tem_Clientes VALUES (174753276, 1541);
INSERT INTO GymCompany.Tem_Clientes VALUES (174753276, 1900);
INSERT INTO GymCompany.Tem_Clientes VALUES (174753276, 2749);


-- GymCompany.Professor
INSERT INTO GymCompany.Professor VALUES (298);
INSERT INTO GymCompany.Professor VALUES (276);
INSERT INTO GymCompany.Professor VALUES (133);
INSERT INTO GymCompany.Professor VALUES (165);
INSERT INTO GymCompany.Professor VALUES (111);
INSERT INTO GymCompany.Professor VALUES (154);


-- GymCompany.Aluno
INSERT INTO GymCompany.Aluno VALUES (2542);
INSERT INTO GymCompany.Aluno VALUES (3211);
INSERT INTO GymCompany.Aluno VALUES (2090);
INSERT INTO GymCompany.Aluno VALUES (1989);
INSERT INTO GymCompany.Aluno VALUES (2032);
INSERT INTO GymCompany.Aluno VALUES (3029);
INSERT INTO GymCompany.Aluno VALUES (1541);
INSERT INTO GymCompany.Aluno VALUES (1900);
INSERT INTO GymCompany.Aluno VALUES (2749);


-- GymCompany.Aula
INSERT INTO GymCompany.Aula VALUES ('SPN-SEG', 'Spinning', '11:00', 'Segunda', 12);
INSERT INTO GymCompany.Aula VALUES ('SPN-QUI', 'Spinning', '10:30', 'Quinta', 12);
INSERT INTO GymCompany.Aula VALUES ('SPN-SAB', 'Spinning', '10:00', 'Sábado', 12);
INSERT INTO GymCompany.Aula VALUES ('BOX-TER', 'Boxing', '19:00', 'Terça', 8);
INSERT INTO GymCompany.Aula VALUES ('BOX-SEX', 'Boxing', '15:30', 'Sexta', 8);
INSERT INTO GymCompany.Aula VALUES ('PIL-SEG', 'Pilates', '17:30', 'Segunda', 16);
INSERT INTO GymCompany.Aula VALUES ('PIL-QUA', 'Pilates', '10:00', 'Quarta', 16);
INSERT INTO GymCompany.Aula VALUES ('PIL-DOM', 'Pilates', '10:30', 'Domingo', 16);
INSERT INTO GymCompany.Aula VALUES ('SDF-SAB', 'Self-Defense', '15:00', 'Sábado', 12);
INSERT INTO GymCompany.Aula VALUES ('SDF-QUI', 'Self-Defense', '18:30', 'Quinta', 12);


-- GymCompany.Inscrito
INSERT INTO GymCompany.Inscrito VALUES (2542, 'SDF-SAB');
INSERT INTO GymCompany.Inscrito VALUES (2542, 'SDF-QUI');
INSERT INTO GymCompany.Inscrito VALUES (2542, 'BOX-TER');
INSERT INTO GymCompany.Inscrito VALUES (2542, 'BOX-SEX');
INSERT INTO GymCompany.Inscrito VALUES (3211, 'BOX-TER');
INSERT INTO GymCompany.Inscrito VALUES (3211, 'BOX-SEX');
INSERT INTO GymCompany.Inscrito VALUES (2090, 'SPN-QUI');
INSERT INTO GymCompany.Inscrito VALUES (2090, 'SPN-SAB');
INSERT INTO GymCompany.Inscrito VALUES (1989, 'SPN-QUI');
INSERT INTO GymCompany.Inscrito VALUES (1989, 'SPN-SAB');
INSERT INTO GymCompany.Inscrito VALUES (2542, 'PIL-SEG');
INSERT INTO GymCompany.Inscrito VALUES (2542, 'PIL-QUA');
INSERT INTO GymCompany.Inscrito VALUES (2032, 'SPN-QUI');
INSERT INTO GymCompany.Inscrito VALUES (2032, 'SPN-SAB');
INSERT INTO GymCompany.Inscrito VALUES (2032, 'PIL-SEG');
INSERT INTO GymCompany.Inscrito VALUES (2032, 'PIL-QUA');
INSERT INTO GymCompany.Inscrito VALUES (3029, 'PIL-SEG');
INSERT INTO GymCompany.Inscrito VALUES (3029, 'PIL-QUA');
INSERT INTO GymCompany.Inscrito VALUES (3029, 'SPN-QUI');
INSERT INTO GymCompany.Inscrito VALUES (3029, 'SPN-SAB');
INSERT INTO GymCompany.Inscrito VALUES (1541, 'SPN-QUI');
INSERT INTO GymCompany.Inscrito VALUES (1541, 'SPN-SAB');
INSERT INTO GymCompany.Inscrito VALUES (1541, 'PIL-QUA');
INSERT INTO GymCompany.Inscrito VALUES (1541, 'BOX-SEX');
INSERT INTO GymCompany.Inscrito VALUES (1900, 'SPN-QUI');
INSERT INTO GymCompany.Inscrito VALUES (1900, 'SPN-SAB');
INSERT INTO GymCompany.Inscrito VALUES (2749, 'PIL-QUA');
INSERT INTO GymCompany.Inscrito VALUES (2749, 'SDF-SAB');
INSERT INTO GymCompany.Inscrito VALUES (2749, 'SDF-QUI');


-- GymCompany.Leciona
INSERT INTO GymCompany.Leciona VALUES (298, 'SPN-SEG');
INSERT INTO GymCompany.Leciona VALUES (298, 'SPN-QUI');
INSERT INTO GymCompany.Leciona VALUES (298, 'PIL-QUA');
INSERT INTO GymCompany.Leciona VALUES (298, 'PIL-SEG');
INSERT INTO GymCompany.Leciona VALUES (276, 'BOX-SEX');
INSERT INTO GymCompany.Leciona VALUES (276, 'BOX-TER');
INSERT INTO GymCompany.Leciona VALUES (276, 'SDF-SAB');
INSERT INTO GymCompany.Leciona VALUES (276, 'SDF-QUI');
INSERT INTO GymCompany.Leciona VALUES (133, 'SPN-SEG');
INSERT INTO GymCompany.Leciona VALUES (133, 'SPN-QUI');
INSERT INTO GymCompany.Leciona VALUES (133, 'PIL-QUA');
INSERT INTO GymCompany.Leciona VALUES (133, 'PIL-SEG');
INSERT INTO GymCompany.Leciona VALUES (165, 'BOX-SEX');
INSERT INTO GymCompany.Leciona VALUES (165, 'BOX-TER');
INSERT INTO GymCompany.Leciona VALUES (165, 'SDF-SAB');
INSERT INTO GymCompany.Leciona VALUES (165, 'SDF-QUI');
INSERT INTO GymCompany.Leciona VALUES (111, 'SPN-SEG');
INSERT INTO GymCompany.Leciona VALUES (111, 'SPN-QUI');
INSERT INTO GymCompany.Leciona VALUES (111, 'PIL-QUA');
INSERT INTO GymCompany.Leciona VALUES (111, 'PIL-SEG');
INSERT INTO GymCompany.Leciona VALUES (154, 'BOX-SEX');
INSERT INTO GymCompany.Leciona VALUES (154, 'BOX-TER');
INSERT INTO GymCompany.Leciona VALUES (154, 'SDF-SAB');
INSERT INTO GymCompany.Leciona VALUES (154, 'SDF-QUI');


-- GymCompany.Produto
INSERT INTO GymCompany.Produto VALUES ('PTP1', 'Toalha preta grande', 15, 10);
INSERT INTO GymCompany.Produto VALUES ('PTP2', 'Toalha preta pequena', 10.50, 20);
INSERT INTO GymCompany.Produto VALUES ('PTB1', 'Toalha branca grande', 15, 30);
INSERT INTO GymCompany.Produto VALUES ('PTB2', 'Toalha branca pequena', 10.50, 45);
INSERT INTO GymCompany.Produto VALUES ('PTC1', 'Toalha cinzenta grande', 15, 5);
INSERT INTO GymCompany.Produto VALUES ('PTC2', 'Toalha cinzenta pequena', 10.50, 15);
INSERT INTO GymCompany.Produto VALUES ('PSP700', 'Shaker preto 700ml', 15, 30);
INSERT INTO GymCompany.Produto VALUES ('PSP500', 'Shaker preto 500ml', 12.50, 45);
INSERT INTO GymCompany.Produto VALUES ('PSP1000', 'Shaker preto 1000ml', 17.50, 50);
INSERT INTO GymCompany.Produto VALUES ('PST700', 'Shaker transparente 700ml', 15, 25);
INSERT INTO GymCompany.Produto VALUES ('PST500', 'Shaker transparente 500ml', 12.50, 35);
INSERT INTO GymCompany.Produto VALUES ('PST1000', 'Shaker transparente 1000ml', 17.50, 20);
INSERT INTO GymCompany.Produto VALUES ('PW1', 'Whey 1kg', 20, 100);
INSERT INTO GymCompany.Produto VALUES ('PW2', 'Whey 2kg', 40, 150);
INSERT INTO GymCompany.Produto VALUES ('PW0.5', 'Whey 500g', 10, 200);
INSERT INTO GymCompany.Produto VALUES ('PAP', 'Aloquete preto', 5, 100);
INSERT INTO GymCompany.Produto VALUES ('PAC', 'Aloquete cinzento', 5, 80);
INSERT INTO GymCompany.Produto VALUES ('PA1', 'Agua 1L', 0.50, 200);
INSERT INTO GymCompany.Produto VALUES ('PA1.5', 'Agua 1.5L', 0.75, 250);
INSERT INTO GymCompany.Produto VALUES ('PA750', 'Agua 750ml', 0.33, 300);
INSERT INTO GymCompany.Produto VALUES ('PBP1', 'Barra proteica chocolate', 2, 30);
INSERT INTO GymCompany.Produto VALUES ('PBP2', 'Barra proteica caramelo', 2, 30);
INSERT INTO GymCompany.Produto VALUES ('PBP3', 'Barra proteica avela', 2, 30);


-- GymCompany.Vende
INSERT INTO GymCompany.Vende VALUES (124991734, 'PTP2');
INSERT INTO GymCompany.Vende VALUES (124991734, 'PTB2');
INSERT INTO GymCompany.Vende VALUES (124991734, 'PTC2');
INSERT INTO GymCompany.Vende VALUES (124991734, 'PST1000');
INSERT INTO GymCompany.Vende VALUES (124991734, 'PSP1000');
INSERT INTO GymCompany.Vende VALUES (124991734, 'PBP1');
INSERT INTO GymCompany.Vende VALUES (124991734, 'PBP2');
INSERT INTO GymCompany.Vende VALUES (124991734, 'PBP3');
INSERT INTO GymCompany.Vende VALUES (124991734, 'PAP');
INSERT INTO GymCompany.Vende VALUES (124991734, 'PAC');
INSERT INTO GymCompany.Vende VALUES (143328530, 'PA1');
INSERT INTO GymCompany.Vende VALUES (143328530, 'PA1.5');
INSERT INTO GymCompany.Vende VALUES (143328530, 'PA750');
INSERT INTO GymCompany.Vende VALUES (143328530, 'PAP');
INSERT INTO GymCompany.Vende VALUES (143328530, 'PAC');
INSERT INTO GymCompany.Vende VALUES (174753276, 'PST700');
INSERT INTO GymCompany.Vende VALUES (174753276, 'PST500');
INSERT INTO GymCompany.Vende VALUES (174753276, 'PST1000');
INSERT INTO GymCompany.Vende VALUES (174753276, 'PW1');
INSERT INTO GymCompany.Vende VALUES (174753276, 'PW2');
INSERT INTO GymCompany.Vende VALUES (174753276, 'PW0.5');
INSERT INTO GymCompany.Vende VALUES (174753276, 'PAP');
INSERT INTO GymCompany.Vende VALUES (174753276, 'PAC');
INSERT INTO GymCompany.Vende VALUES (174753276, 'PA1');
INSERT INTO GymCompany.Vende VALUES (174753276, 'PA1.5');
INSERT INTO GymCompany.Vende VALUES (174753276, 'PA750');
INSERT INTO GymCompany.Vende VALUES (174753276, 'PBP1');
INSERT INTO GymCompany.Vende VALUES (174753276, 'PBP2');
INSERT INTO GymCompany.Vende VALUES (174753276, 'PBP3');


-- GymCompany.Equipamento
INSERT INTO GymCompany.Equipamento VALUES ('EA5', 'Altere 5kg', 4);
INSERT INTO GymCompany.Equipamento VALUES ('EA7.5', 'Altere 7.5kg', 4);
INSERT INTO GymCompany.Equipamento VALUES ('EA10', 'Altere 10kg', 4);
INSERT INTO GymCompany.Equipamento VALUES ('EA12.5', 'Altere 12.5kg', 4);
INSERT INTO GymCompany.Equipamento VALUES ('EA15', 'Altere 15kg', 4);
INSERT INTO GymCompany.Equipamento VALUES ('EA17.5', 'Altere 17.5kg', 4);
INSERT INTO GymCompany.Equipamento VALUES ('EA20', 'Altere 20kg', 4);
INSERT INTO GymCompany.Equipamento VALUES ('EA22.5', 'Altere 22.5kg', 4);
INSERT INTO GymCompany.Equipamento VALUES ('EA25', 'Altere 25kg', 4);
INSERT INTO GymCompany.Equipamento VALUES ('EA27.5', 'Altere 27.5kg', 4);
INSERT INTO GymCompany.Equipamento VALUES ('EA30', 'Altere 30kg', 2);
INSERT INTO GymCompany.Equipamento VALUES ('EA35', 'Altere 35kg', 2);
INSERT INTO GymCompany.Equipamento VALUES ('EA40', 'Altere 40kg', 2);
INSERT INTO GymCompany.Equipamento VALUES ('EA45', 'Altere 45kg', 2);
INSERT INTO GymCompany.Equipamento VALUES ('EA50', 'Altere 50kg', 2);
INSERT INTO GymCompany.Equipamento VALUES ('EA55', 'Altere 55kg', 2);
INSERT INTO GymCompany.Equipamento VALUES ('EA60', 'Altere 60kg', 2);
INSERT INTO GymCompany.Equipamento VALUES ('EA65', 'Altere 65kg', 2);
INSERT INTO GymCompany.Equipamento VALUES ('EA70', 'Altere 70kg', 2);
INSERT INTO GymCompany.Equipamento VALUES ('EB', 'Banco', 4);
INSERT INTO GymCompany.Equipamento VALUES ('EBSN', 'Banco de Supino Normal', 1);
INSERT INTO GymCompany.Equipamento VALUES ('EBSI', 'Banco de Supino Inclinado', 1);
INSERT INTO GymCompany.Equipamento VALUES ('EBSD', 'Banco de Supino Declinado', 1);
INSERT INTO GymCompany.Equipamento VALUES ('EP', 'Passadeira', 10);
INSERT INTO GymCompany.Equipamento VALUES ('EE', 'Eliptica', 5);
INSERT INTO GymCompany.Equipamento VALUES ('ER', 'Remo', 3);
INSERT INTO GymCompany.Equipamento VALUES ('EBE', 'Bicicleta Estatica', 5);
INSERT INTO GymCompany.Equipamento VALUES ('EMS', 'Maquina Smith', 1);
INSERT INTO GymCompany.Equipamento VALUES ('EMPD', 'Maquina Peck Deck', 1);
INSERT INTO GymCompany.Equipamento VALUES ('EMLP', 'Maquina Leg Press', 1);
INSERT INTO GymCompany.Equipamento VALUES ('EMSP', 'Maquina Shoulder Press', 1);
INSERT INTO GymCompany.Equipamento VALUES ('EBU', 'Barra Universal', 5);
INSERT INTO GymCompany.Equipamento VALUES ('EBW', 'Barra W', 2);
INSERT INTO GymCompany.Equipamento VALUES ('EMR', 'Maquina Remada', 1);


-- GymCompany.Possui
INSERT INTO GymCompany.Possui VALUES (124991734, 'EA5');
INSERT INTO GymCompany.Possui VALUES (124991734, 'EA7.5');
INSERT INTO GymCompany.Possui VALUES (124991734, 'EA10');
INSERT INTO GymCompany.Possui VALUES (124991734, 'EA12.5');
INSERT INTO GymCompany.Possui VALUES (124991734, 'EA15');
INSERT INTO GymCompany.Possui VALUES (124991734, 'EA17.5');
INSERT INTO GymCompany.Possui VALUES (124991734, 'EA20');
INSERT INTO GymCompany.Possui VALUES (124991734, 'EA22.5');
INSERT INTO GymCompany.Possui VALUES (124991734, 'EA25');
INSERT INTO GymCompany.Possui VALUES (124991734, 'EA27.5');
INSERT INTO GymCompany.Possui VALUES (124991734, 'EA30');
INSERT INTO GymCompany.Possui VALUES (124991734, 'EA35');
INSERT INTO GymCompany.Possui VALUES (124991734, 'EA40');
INSERT INTO GymCompany.Possui VALUES (124991734, 'EA45');
INSERT INTO GymCompany.Possui VALUES (124991734, 'EA50');
INSERT INTO GymCompany.Possui VALUES (124991734, 'EA55');
INSERT INTO GymCompany.Possui VALUES (124991734, 'EA60');
INSERT INTO GymCompany.Possui VALUES (124991734, 'EA65');
INSERT INTO GymCompany.Possui VALUES (124991734, 'EA70');
INSERT INTO GymCompany.Possui VALUES (124991734, 'EB');
INSERT INTO GymCompany.Possui VALUES (124991734, 'EBSN');
INSERT INTO GymCompany.Possui VALUES (124991734, 'EBSI');
INSERT INTO GymCompany.Possui VALUES (124991734, 'EBSD');
INSERT INTO GymCompany.Possui VALUES (124991734, 'EP');
INSERT INTO GymCompany.Possui VALUES (124991734, 'EE');
INSERT INTO GymCompany.Possui VALUES (124991734, 'ER');
INSERT INTO GymCompany.Possui VALUES (124991734, 'EBE');
INSERT INTO GymCompany.Possui VALUES (124991734, 'EMS');
INSERT INTO GymCompany.Possui VALUES (124991734, 'EMPD');
INSERT INTO GymCompany.Possui VALUES (124991734, 'EMLP');
INSERT INTO GymCompany.Possui VALUES (124991734, 'EMSP');
INSERT INTO GymCompany.Possui VALUES (124991734, 'EBU');
INSERT INTO GymCompany.Possui VALUES (124991734, 'EBW');
INSERT INTO GymCompany.Possui VALUES (124991734, 'EMR');
INSERT INTO GymCompany.Possui VALUES (143328530, 'EA5');
INSERT INTO GymCompany.Possui VALUES (143328530, 'EA7.5');
INSERT INTO GymCompany.Possui VALUES (143328530, 'EA10');
INSERT INTO GymCompany.Possui VALUES (143328530, 'EA12.5');
INSERT INTO GymCompany.Possui VALUES (143328530, 'EA15');
INSERT INTO GymCompany.Possui VALUES (143328530, 'EA17.5');
INSERT INTO GymCompany.Possui VALUES (143328530, 'EA20');
INSERT INTO GymCompany.Possui VALUES (143328530, 'EA22.5');
INSERT INTO GymCompany.Possui VALUES (143328530, 'EA25');
INSERT INTO GymCompany.Possui VALUES (143328530, 'EA27.5');
INSERT INTO GymCompany.Possui VALUES (143328530, 'EA30');
INSERT INTO GymCompany.Possui VALUES (143328530, 'EA35');
INSERT INTO GymCompany.Possui VALUES (143328530, 'EA40');
INSERT INTO GymCompany.Possui VALUES (143328530, 'EA45');
INSERT INTO GymCompany.Possui VALUES (143328530, 'EA50');
INSERT INTO GymCompany.Possui VALUES (143328530, 'EA55');
INSERT INTO GymCompany.Possui VALUES (143328530, 'EA60');
INSERT INTO GymCompany.Possui VALUES (143328530, 'EA65');
INSERT INTO GymCompany.Possui VALUES (143328530, 'EA70');
INSERT INTO GymCompany.Possui VALUES (143328530, 'EB');
INSERT INTO GymCompany.Possui VALUES (143328530, 'EBSN');
INSERT INTO GymCompany.Possui VALUES (143328530, 'EBSI');
INSERT INTO GymCompany.Possui VALUES (143328530, 'EBSD');
INSERT INTO GymCompany.Possui VALUES (143328530, 'EP');
INSERT INTO GymCompany.Possui VALUES (143328530, 'EE');
INSERT INTO GymCompany.Possui VALUES (143328530, 'ER');
INSERT INTO GymCompany.Possui VALUES (143328530, 'EBE');
INSERT INTO GymCompany.Possui VALUES (143328530, 'EMS');
INSERT INTO GymCompany.Possui VALUES (143328530, 'EMPD');
INSERT INTO GymCompany.Possui VALUES (143328530, 'EMLP');
INSERT INTO GymCompany.Possui VALUES (143328530, 'EMSP');
INSERT INTO GymCompany.Possui VALUES (143328530, 'EBU');
INSERT INTO GymCompany.Possui VALUES (143328530, 'EBW');
INSERT INTO GymCompany.Possui VALUES (143328530, 'EMR');
INSERT INTO GymCompany.Possui VALUES (174753276, 'EA5');
INSERT INTO GymCompany.Possui VALUES (174753276, 'EA7.5');
INSERT INTO GymCompany.Possui VALUES (174753276, 'EA10');
INSERT INTO GymCompany.Possui VALUES (174753276, 'EA12.5');
INSERT INTO GymCompany.Possui VALUES (174753276, 'EA15');
INSERT INTO GymCompany.Possui VALUES (174753276, 'EA17.5');
INSERT INTO GymCompany.Possui VALUES (174753276, 'EA20');
INSERT INTO GymCompany.Possui VALUES (174753276, 'EA22.5');
INSERT INTO GymCompany.Possui VALUES (174753276, 'EA25');
INSERT INTO GymCompany.Possui VALUES (174753276, 'EA27.5');
INSERT INTO GymCompany.Possui VALUES (174753276, 'EA30');
INSERT INTO GymCompany.Possui VALUES (174753276, 'EA35');
INSERT INTO GymCompany.Possui VALUES (174753276, 'EA40');
INSERT INTO GymCompany.Possui VALUES (174753276, 'EA45');
INSERT INTO GymCompany.Possui VALUES (174753276, 'EA50');
INSERT INTO GymCompany.Possui VALUES (174753276, 'EA55');
INSERT INTO GymCompany.Possui VALUES (174753276, 'EA60');
INSERT INTO GymCompany.Possui VALUES (174753276, 'EA65');
INSERT INTO GymCompany.Possui VALUES (174753276, 'EA70');
INSERT INTO GymCompany.Possui VALUES (174753276, 'EB');
INSERT INTO GymCompany.Possui VALUES (174753276, 'EBSN');
INSERT INTO GymCompany.Possui VALUES (174753276, 'EBSI');
INSERT INTO GymCompany.Possui VALUES (174753276, 'EBSD');
INSERT INTO GymCompany.Possui VALUES (174753276, 'EP');
INSERT INTO GymCompany.Possui VALUES (174753276, 'EE');
INSERT INTO GymCompany.Possui VALUES (174753276, 'ER');
INSERT INTO GymCompany.Possui VALUES (174753276, 'EBE');
INSERT INTO GymCompany.Possui VALUES (174753276, 'EMS');
INSERT INTO GymCompany.Possui VALUES (174753276, 'EMPD');
INSERT INTO GymCompany.Possui VALUES (174753276, 'EMLP');
INSERT INTO GymCompany.Possui VALUES (174753276, 'EMSP');
INSERT INTO GymCompany.Possui VALUES (174753276, 'EBU');
INSERT INTO GymCompany.Possui VALUES (174753276, 'EBW');
INSERT INTO GymCompany.Possui VALUES (174753276, 'EMR');


-- GymCompany.Oferece
INSERT INTO GymCompany.Oferece VALUES (124991734, 'SPN-SEG');
INSERT INTO GymCompany.Oferece VALUES (124991734, 'SPN-SAB');
INSERT INTO GymCompany.Oferece VALUES (124991734, 'BOX-TER');
INSERT INTO GymCompany.Oferece VALUES (124991734, 'PIL-SEG');
INSERT INTO GymCompany.Oferece VALUES (124991734, 'PIL-DOM');
INSERT INTO GymCompany.Oferece VALUES (124991734, 'SDF-QUI');
INSERT INTO GymCompany.Oferece VALUES (143328530, 'SPN-SEG');
INSERT INTO GymCompany.Oferece VALUES (143328530, 'SPN-QUI');
INSERT INTO GymCompany.Oferece VALUES (143328530, 'SPN-SAB');
INSERT INTO GymCompany.Oferece VALUES (143328530, 'BOX-TER');
INSERT INTO GymCompany.Oferece VALUES (143328530, 'BOX-SEX');
INSERT INTO GymCompany.Oferece VALUES (143328530, 'PIL-SEG');
INSERT INTO GymCompany.Oferece VALUES (143328530, 'PIL-QUA');
INSERT INTO GymCompany.Oferece VALUES (143328530, 'PIL-DOM');
INSERT INTO GymCompany.Oferece VALUES (143328530, 'SDF-SAB');
INSERT INTO GymCompany.Oferece VALUES (143328530, 'SDF-QUI');
INSERT INTO GymCompany.Oferece VALUES (174753276, 'SPN-SEG');
INSERT INTO GymCompany.Oferece VALUES (174753276, 'SPN-QUI');
INSERT INTO GymCompany.Oferece VALUES (174753276, 'SPN-SAB');
INSERT INTO GymCompany.Oferece VALUES (174753276, 'BOX-TER');
INSERT INTO GymCompany.Oferece VALUES (174753276, 'PIL-DOM');
INSERT INTO GymCompany.Oferece VALUES (174753276, 'SDF-SAB');
INSERT INTO GymCompany.Oferece VALUES (174753276, 'SDF-QUI');


-- GymCompany.AulaInstancia
INSERT INTO GymCompany.AulaInstancia VALUES ('SPN-SEG', 298, 'AISPN1');
INSERT INTO GymCompany.AulaInstancia VALUES ('SPN-SEG', 276, 'AISPN2');
INSERT INTO GymCompany.AulaInstancia VALUES ('SPN-QUI', 133, 'AISPN3');
INSERT INTO GymCompany.AulaInstancia VALUES ('SPN-SAB', 165, 'AISPN4');
INSERT INTO GymCompany.AulaInstancia VALUES ('BOX-TER', 111, 'AIBOX1');
INSERT INTO GymCompany.AulaInstancia VALUES ('BOX-SEX', 154, 'AIBOX2');
INSERT INTO GymCompany.AulaInstancia VALUES ('PIL-SEG', 298, 'AIPIL1');
INSERT INTO GymCompany.AulaInstancia VALUES ('PIL-QUA', 276, 'AIPIL2');
INSERT INTO GymCompany.AulaInstancia VALUES ('PIL-DOM', 111, 'AIPIL3');
INSERT INTO GymCompany.AulaInstancia VALUES ('SDF-SAB', 154, 'AISDF1');
INSERT INTO GymCompany.AulaInstancia VALUES ('SDF-QUI', 133, 'AISDF2');


-- GymCompany.Frequentou
INSERT INTO GymCompany.Frequentou VALUES (2542, 'AISPN1');
INSERT INTO GymCompany.Frequentou VALUES (3211, 'AISPN1');
INSERT INTO GymCompany.Frequentou VALUES (2090, 'AISPN1');
INSERT INTO GymCompany.Frequentou VALUES (1989, 'AISPN1');
INSERT INTO GymCompany.Frequentou VALUES (2032, 'AISPN1');
INSERT INTO GymCompany.Frequentou VALUES (2749, 'AISPN1');
INSERT INTO GymCompany.Frequentou VALUES (2542, 'AISPN2');
INSERT INTO GymCompany.Frequentou VALUES (3211, 'AISPN2');
INSERT INTO GymCompany.Frequentou VALUES (2090, 'AISPN2');
INSERT INTO GymCompany.Frequentou VALUES (1989, 'AISPN2');
INSERT INTO GymCompany.Frequentou VALUES (2032, 'AISPN2');
INSERT INTO GymCompany.Frequentou VALUES (3029, 'AISPN2');
INSERT INTO GymCompany.Frequentou VALUES (1541, 'AISPN2');
INSERT INTO GymCompany.Frequentou VALUES (3211, 'AISPN3');
INSERT INTO GymCompany.Frequentou VALUES (2749, 'AISPN3');
INSERT INTO GymCompany.Frequentou VALUES (3029, 'AISPN3');
INSERT INTO GymCompany.Frequentou VALUES (2542, 'AIBOX1');
INSERT INTO GymCompany.Frequentou VALUES (2749, 'AIBOX2');
INSERT INTO GymCompany.Frequentou VALUES (2032, 'AIPIL1');
INSERT INTO GymCompany.Frequentou VALUES (1541, 'AIPIL1');
INSERT INTO GymCompany.Frequentou VALUES (1900, 'AIPIL1');
INSERT INTO GymCompany.Frequentou VALUES (1989, 'AIPIL2');
INSERT INTO GymCompany.Frequentou VALUES (3211, 'AIPIL3');
INSERT INTO GymCompany.Frequentou VALUES (2090, 'AIPIL3');
INSERT INTO GymCompany.Frequentou VALUES (1541, 'AIPIL3');
INSERT INTO GymCompany.Frequentou VALUES (3029, 'AISDF1');
INSERT INTO GymCompany.Frequentou VALUES (1989, 'AISDF2');
INSERT INTO GymCompany.Frequentou VALUES (2032, 'AISDF2');
INSERT INTO GymCompany.Frequentou VALUES (3029, 'AISDF2');
INSERT INTO GymCompany.Frequentou VALUES (1541, 'AISDF2');
INSERT INTO GymCompany.Frequentou VALUES (1900, 'AISDF2');
INSERT INTO GymCompany.Frequentou VALUES (2749, 'AISDF2');


-- GymCompany.Login
INSERT INTO GymCompany.Login VALUES ('admin', 'admin');
INSERT INTO GymCompany.Login VALUES ('joaopereira', 'joaopereira123');
INSERT INTO GymCompany.Login VALUES ('joananeves', 'joananeves123');
INSERT INTO GymCompany.Login VALUES ('pauloferreira', 'pauloferreira123');